epoch,time,train/box_loss,train/cls_loss,train/dfl_loss,metrics/precision(B),metrics/recall(B),metrics/mAP50(B),metrics/mAP50-95(B),val/box_loss,val/cls_loss,val/dfl_loss,lr/pg0,lr/pg1,lr/pg2
1,131.491,0.27723,1.20791,0.99785,0.99821,1,0.995,0.925,0.41436,1.59525,0.73847,0.00031,0.00031,0.06931
2,252.528,0.25178,0.62384,0.94395,0.82898,1,0.97127,0.92146,0.29093,1.2721,0.60286,0.00062109,0.00062109,0.0376211
3,381.294,0.23457,0.54473,0.9492,0.75514,1,0.98971,0.88052,0.3539,3.14762,0.73686,0.000923129,0.000923129,0.00592313
4,498.527,0.23842,0.52915,0.95134,0.98048,0.93846,0.98366,0.926,0.34766,0.84577,0.68107,0.000957571,0.000957571,0.000957571
5,617.363,0.2157,0.48435,0.92627,0.88306,0.95385,0.97496,0.93925,0.33039,0.734,0.70225,0.000943429,0.000943429,0.000943429
6,732.568,0.20374,0.45431,0.92628,0.98428,0.96359,0.99211,0.91927,0.31302,0.70174,0.65386,0.000929286,0.000929286,0.000929286
7,846.297,0.19009,0.42759,0.93079,0.96801,0.95385,0.98753,0.95339,0.31345,0.73683,0.65133,0.000915143,0.000915143,0.000915143
8,962.62,0.20134,0.4591,0.92477,0.99533,1,0.995,0.96685,0.33545,0.71085,0.67187,0.000901,0.000901,0.000901
9,1080.64,0.1715,0.39,0.91258,0.99837,1,0.995,0.99202,0.2471,0.43287,0.60212,0.000886857,0.000886857,0.000886857
10,1200.61,0.17782,0.40421,0.91837,0.91198,1,0.99142,0.96458,0.30958,0.73325,0.64036,0.000872714,0.000872714,0.000872714
11,1318.62,0.17672,0.39641,0.92376,0.9984,1,0.995,0.98017,0.34183,0.47709,0.62272,0.000858571,0.000858571,0.000858571
12,1436.17,0.15576,0.35668,0.91267,0.99834,1,0.995,0.99072,0.25021,0.53228,0.57694,0.000844429,0.000844429,0.000844429
13,1553.37,0.1612,0.37232,0.91522,0.99793,1,0.995,0.96875,0.30009,0.55237,0.61729,0.000830286,0.000830286,0.000830286
14,1671.05,0.15229,0.35233,0.88915,0.99836,1,0.995,0.995,0.21866,0.42241,0.55469,0.000816143,0.000816143,0.000816143
15,1787.77,0.15303,0.31884,0.89693,0.99771,1,0.995,0.9917,0.20944,0.41915,0.55478,0.000802,0.000802,0.000802
16,1904.79,0.14191,0.30866,0.8838,0.98572,1,0.995,0.99179,0.2283,0.38398,0.57141,0.000787857,0.000787857,0.000787857
17,2021.59,0.14721,0.33025,0.89925,0.999,1,0.995,0.98635,0.39963,0.46926,0.90261,0.000773714,0.000773714,0.000773714
18,2138.88,0.13383,0.29503,0.89138,0.99761,1,0.995,0.96063,0.2487,0.44374,0.57988,0.000759571,0.000759571,0.000759571
19,2256.23,0.13365,0.29748,0.90323,0.96922,1,0.9947,0.99407,0.18991,0.39482,0.53895,0.000745429,0.000745429,0.000745429
20,2373.74,0.13075,0.29741,0.88533,0.96827,1,0.995,0.995,0.21287,0.48515,0.56496,0.000731286,0.000731286,0.000731286
21,2492.29,0.11875,0.26868,0.88025,0.98811,1,0.995,0.99008,0.22072,0.43839,0.56791,0.000717143,0.000717143,0.000717143
22,2610.38,0.11931,0.25752,0.89787,0.99816,1,0.995,0.995,0.22363,0.40353,0.56486,0.000703,0.000703,0.000703
23,2728.1,0.12084,0.25709,0.88372,0.99847,1,0.995,0.995,0.21014,0.34183,0.55242,0.000688857,0.000688857,0.000688857
24,2849.04,0.12188,0.26371,0.87696,0.99865,1,0.995,0.99182,0.19625,0.33407,0.53945,0.000674714,0.000674714,0.000674714
25,2967.07,0.11935,0.27074,0.88445,0.99903,1,0.995,0.995,0.14647,0.29635,0.4771,0.000660571,0.000660571,0.000660571
26,3085.49,0.11798,0.25675,0.88176,0.99759,1,0.995,0.995,0.21383,0.35991,0.54778,0.000646429,0.000646429,0.000646429
27,3203.12,0.12032,0.24659,0.8926,0.99918,1,0.995,0.995,0.21609,0.31671,0.53939,0.000632286,0.000632286,0.000632286
28,3320.58,0.11653,0.25426,0.89739,0.99915,1,0.995,0.995,0.20151,0.33813,0.53359,0.000618143,0.000618143,0.000618143
29,3437.9,0.11233,0.23503,0.87666,0.99916,1,0.995,0.995,0.17119,0.29241,0.51442,0.000604,0.000604,0.000604
30,3556.04,0.11118,0.24368,0.87994,0.99917,1,0.995,0.995,0.16255,0.25229,0.49211,0.000589857,0.000589857,0.000589857
31,3673.46,0.11463,0.25492,0.86834,0.99917,1,0.995,0.995,0.17601,0.32127,0.50685,0.000575714,0.000575714,0.000575714
32,3790.61,0.10655,0.23088,0.87866,0.99921,1,0.995,0.995,0.16007,0.27538,0.47727,0.000561571,0.000561571,0.000561571
33,3907.81,0.10472,0.24485,0.87788,0.99918,1,0.995,0.995,0.1529,0.33959,0.47798,0.000547429,0.000547429,0.000547429
34,4025.28,0.09973,0.23051,0.8755,0.9992,1,0.995,0.995,0.12919,0.2559,0.45753,0.000533286,0.000533286,0.000533286
35,4142.84,0.09365,0.22571,0.87378,0.99916,1,0.995,0.995,0.13701,0.29871,0.47755,0.000519143,0.000519143,0.000519143
36,4260.26,0.09333,0.22839,0.8797,0.99803,1,0.995,0.995,0.17603,0.27127,0.52078,0.000505,0.000505,0.000505
37,4377.82,0.0876,0.22178,0.87745,0.99864,1,0.995,0.995,0.16428,0.27331,0.51315,0.000490857,0.000490857,0.000490857
38,4494.48,0.08729,0.22387,0.87666,0.9992,1,0.995,0.995,0.16444,0.30508,0.51286,0.000476714,0.000476714,0.000476714
39,4612.23,0.0929,0.21565,0.8848,0.99916,1,0.995,0.995,0.13955,0.28907,0.48014,0.000462571,0.000462571,0.000462571
